Capa Oculta,Error Cuadratico Medio,Bi,Tasa de Aprendizaje
8,0.915542,0,0.01
8,0.90427,0,0.03
8,0.894503,0,0.05
8,0.901623,0,0.07
8,0.90384,0,0.09
8,0.922313,0,0.11
8,0.903667,0,0.13
8,0.902887,0,0.15
8,0.903672,0,0.17
8,0.904298,0,0.19
8,0.90369,0,0.21
8,0.886519,0,0.23
8,0.903912,0,0.25
8,0.879563,0,0.27
8,0.909953,0,0.29
8,0.904455,0,0.31
8,0.901514,0,0.33
8,0.904821,0,0.35
8,0.905405,0,0.37
8,0.904579,1,0.02
